i,j
0,272
0,4014
1,50
1,300
2,2454
2,2977
3,353
3,1519
4,97
4,3082
5,843
5,1020
6,339
6,351
7,492
7,3771
8,1631
8,1749
9,171
9,679
10,121
10,2342
11,357
11,1508
12,432
12,788
13,802
14,340
14,3525
15,101
15,180
16,343
16,1017
17,487
17,861
18,1764
18,4418
19,124
19,1111
20,3806
20,4024
21,635
21,818
22,437
22,1161
23,560
23,1321
24,655
24,878
25,127
25,1061
26,99
26,3127
27,75
27,391
28,283
28,2596
29,1054
29,3539
30,401
30,473
31,228
31,2992
32,320
32,411
33,96
33,793
34,247
34,2208
35,590
35,838
35,2140
36,241
36,2099
37,222
37,578
38,519
38,3270
39,350
39,1856
40,1049
40,1698
41,2041
41,2425
42,2029
42,4080
43,1154
43,3196
44,362
44,2290
45,1728
45,3820
46,684
46,881
47,965
47,1053
48,73
48,3185
49,3104
49,3452
50,1098
51,236
51,4319
52,151
52,283
53,538
53,576
54,111
54,1009
55,300
55,3635
56,419
56,1010
57,1675
57,3605
58,302
58,1152
59,485
59,1373
60,841
60,1383
61,724
61,1042
62,150
62,434
63,733
63,790
64,113
64,168
65,752
65,3621
66,803
66,3505
67,1904
67,3099
68,488
68,864
69,91
69,1460
70,798
70,3670
71,333
71,3826
72,288
72,510
73,274
74,1023
74,3598
75,2951
76,460
76,3632
77,599
77,1334
78,714
78,1391
79,871
79,1093
80,1304
80,2443
81,89
81,3611
82,108
82,848
83,665
83,2707
84,886
84,4220
85,899
85,1600
86,123
86,2578
87,751
87,3250
88,348
88,417
89,434
90,927
90,1330
91,299
92,354
92,1013
93,2845
93,3378
94,122
94,1638
95,374
95,2342
96,265
97,4188
98,209
98,1111
99,423
100,4094
100,4216
101,345
102,1587
102,3748
103,158
103,1068
104,370
104,620
105,413
105,3555
106,264
106,2131
107,713
107,4351
108,1154
109,384
109,945
110,1197
110,1811
111,429
112,458
112,1976
113,381
114,151
114,2858
115,1260
115,4087
116,3712
116,3808
117,1162
117,3053
118,978
118,1924
119,224
119,296
120,121
120,221
122,3989
123,2357
124,345
125,920
125,4343
126,499
126,2273
127,359
128,168
128,758
129,889
129,915
130,1956
130,3935
131,3409
131,4079
132,294
132,3775
133,2131
133,4388
134,471
134,3619
135,536
135,843
136,199
136,1066
137,314
137,863
138,534
138,4097
139,514
139,2787
140,253
140,296
141,186
141,269
142,149
142,3637
143,894
143,3198
144,380
144,572
145,317
145,335
146,323
146,781
147,282
147,812
148,305
148,314
148,1100
149,3611
150,246
152,435
152,2444
153,299
153,489
154,1503
154,3023
155,828
155,1026
156,970
156,2775
157,1502
157,1790
158,884
159,499
159,3885
160,1376
160,2696
161,406
161,4388
162,903
162,2057
163,361
163,1882
164,411
164,749
165,483
165,877
166,387
166,3854
167,219
167,1621
169,412
169,1796
170,2019
170,3862
171,414
172,594
172,2345
173,308
173,2899
174,200
174,650
175,402
175,1152
176,249
176,4193
177,658
177,1072
178,256
178,666
179,204
179,1101
180,224
181,979
181,2714
182,694
182,3701
183,643
183,1047
184,386
184,958
185,1039
185,2031
186,242
187,235
187,1135
188,310
188,1898
189,232
189,4247
190,1473
190,1949
191,265
191,597
192,308
192,343
193,650
193,1542
194,525
194,1106
195,665
195,797
196,949
196,952
197,334
197,3017
198,277
198,590
199,236
200,294
201,719
201,1937
202,638
202,2821
203,1158
203,1261
204,939
205,1043
205,1593
206,1062
206,1672
207,379
207,2431
208,994
208,2286
209,3806
210,312
210,1966
211,446
211,3067
212,386
212,583
213,2596
213,3663
214,252
214,313
215,812
215,2899
216,1444
216,2703
217,538
217,2270
218,822
218,2091
219,1137
220,554
220,2149
221,4097
222,242
223,813
223,2427
225,1050
225,1737
226,1349
226,3748
227,536
227,1016
228,4399
229,336
229,2338
230,1721
230,3852
231,639
231,648
232,510
233,491
233,577
234,3750
234,4283
235,999
237,1046
237,1578
238,953
238,1115
239,492
239,645
240,389
240,979
241,243
243,696
244,1006
244,2267
245,367
245,398
246,3321
247,1542
248,344
248,820
249,370
250,1431
250,3677
251,620
251,2625
252,401
253,319
254,1019
254,2431
255,612
255,983
256,576
257,853
257,4351
258,687
258,821
259,861
259,1888
260,346
260,1664
261,1089
261,3756
262,1959
262,2767
263,420
263,523
264,1422
266,444
266,3752
267,746
267,1332
268,269
268,584
270,388
270,1016
271,1619
271,2885
271,3537
272,297
273,889
273,3775
274,309
275,1308
275,3701
276,844
276,2045
277,4365
278,1875
278,3909
279,328
279,394
280,1012
280,1321
281,578
281,955
282,955
284,430
284,1149
285,309
285,2350
286,1390
286,1522
287,1422
287,1626
288,980
289,1826
289,4250
290,1519
290,4193
291,297
291,453
292,382
292,433
293,1494
293,1818
295,320
295,1089
298,353
298,1589
301,2687
301,3353
302,3321
303,598
303,3373
304,506
304,996
305,2091
306,550
306,1056
307,398
307,1265
309,3075
310,763
311,1019
311,1106
312,321
313,1065
315,1178
315,4134
316,630
316,1009
317,469
318,1043
318,2731
319,2029
321,904
322,1044
322,1073
323,1066
324,3228
324,3784
325,822
325,2619
326,770
326,814
327,652
327,4325
328,1110
329,478
329,1148
330,368
330,713
331,728
331,4295
332,1192
332,4009
333,774
334,527
335,2397
336,3017
337,2315
337,3691
338,986
338,4199
339,1034
340,1289
341,460
341,635
342,470
342,2880
344,2357
346,2037
347,373
347,388
348,523
349,409
349,3814
350,964
351,1649
352,3282
352,3324
354,1485
355,951
355,2463
356,512
356,797
357,3411
358,1524
358,3804
359,394
360,532
360,2631
361,518
362,4026
363,376
363,695
364,655
364,4178
365,4251
365,4376
366,399
366,1091
367,3820
368,953
369,1364
369,4302
371,1121
371,4246
372,972
372,3632
373,4128
374,803
375,785
375,1382
376,961
377,1498
377,1809
378,2715
378,3155
379,3709
380,773
381,1589
382,1332
383,2804
383,4123
384,479
385,892
385,4343
387,991
389,4216
390,439
390,4077
391,3631
392,1998
392,3178
393,1865
393,2347
395,1120
395,4247
396,1072
396,1139
397,562
397,613
399,923
400,522
400,777
402,3359
403,1459
403,4326
404,542
404,1160
405,1504
405,2820
406,1233
407,1235
407,2050
408,442
408,2248
409,1644
410,1572
410,2551
412,1109
413,1901
414,3409
415,854
415,1041
416,417
416,696
418,647
418,914
419,886
420,900
421,810
421,2129
422,841
422,3605
423,995
424,425
424,1555
425,438
426,1290
426,1291
427,525
427,967
428,777
428,1819
429,1155
430,2290
431,1661
431,3456
432,4031
433,1580
435,541
436,2282
436,3256
437,3178
438,463
439,659
440,1600
440,2163
441,446
441,456
442,913
443,831
443,982
444,1068
445,1044
445,1069
447,3117
447,3652
448,1700
448,4089
449,1483
449,4206
450,898
450,3878
451,465
451,662
452,1124
452,4082
453,881
454,947
454,4234
455,1228
455,2523
456,1819
457,1386
457,3460
458,563
459,2139
459,2982
461,1809
461,3738
462,2638
462,3243
463,487
464,1322
464,1518
465,566
466,1429
466,3269
467,1324
467,2199
468,1514
468,4000
469,567
470,3078
471,805
472,874
472,2247
473,1241
474,1086
474,1105
475,749
475,3385
476,493
476,1663
477,608
477,679
478,1107
479,980
480,1149
480,1591
481,957
481,2080
482,941
482,2850
483,3617
484,1584
484,2014
485,503
486,1853
486,2894
488,868
489,2454
490,1006
490,2117
491,4027
493,2814
494,1782
494,3847
495,830
495,3802
496,1274
496,2241
497,595
497,1147
498,2286
498,4125
500,3152
500,3606
501,865
501,4245
502,566
502,727
503,960
504,1396
504,2490
505,3772
505,3929
506,1057
507,835
507,1083
508,986
508,3983
509,1225
509,2477
511,555
511,1021
512,1100
513,2883
513,3324
514,2880
515,2640
515,3871
516,1124
516,3945
517,3692
517,3749
518,923
519,1363
520,1794
520,2928
521,1709
521,3821
522,992
524,2724
524,4112
526,535
526,964
527,1380
528,2858
528,3359
529,1119
529,3288
530,1275
530,3152
531,916
531,2026
532,2090
533,2280
533,2869
534,2082
535,1373
537,1774
537,2077
539,800
539,1265
540,1444
540,2704
541,591
542,731
543,828
543,2619
544,2185
544,3205
545,1846
545,2623
546,806
546,1030
547,721
547,2320
548,731
548,3595
549,1837
549,2294
550,1312
551,2409
551,4106
552,599
552,3570
553,832
553,981
554,624
555,2625
556,1064
556,1635
557,3999
557,4250
558,858
558,1113
559,3484
559,3535
560,2321
561,1803
561,2463
562,736
563,636
564,568
564,1593
565,2398
565,3357
567,838
568,1971
569,1875
569,3915
570,909
570,2746
571,1000
571,1503
572,4199
573,1794
573,2343
574,3945
574,4187
575,686
575,1055
577,2783
579,1163
579,2796
580,1924
580,3442
581,755
581,2090
582,1192
582,3934
583,966
584,758
585,2610
585,3050
586,1320
586,2789
587,2394
587,2460
588,1166
588,3077
589,973
589,1758
591,831
592,2117
592,4079
593,1870
593,4198
594,2941
595,3960
596,2239
596,3653
597,1233
598,4271
600,845
600,1616
601,1977
601,3346
602,2007
602,3873
603,941
603,1917
604,699
604,1851
605,919
605,2536
606,1445
606,3921
607,666
607,900
608,1020
609,2304
609,4415
610,2811
610,4038
611,971
611,1868
612,4133
613,880
614,4093
614,4201
615,1793
615,2889
616,708
616,3636
617,1026
617,3756
618,3762
618,4327
619,842
619,1078
621,2441
621,3591
622,1671
622,2037
623,706
623,2427
624,4083
625,1153
625,1675
626,1877
626,2971
627,1986
627,2970
628,1601
628,4003
629,1038
629,3805
630,2255
631,3401
631,4141
632,2900
632,4219
633,1132
633,4397
634,2148
634,3104
636,1114
637,819
637,1132
638,1187
639,3159
640,734
640,1308
641,1964
641,4141
642,1082
642,3517
643,1129
644,873
644,3239
645,862
646,1820
646,2228
647,3386
648,3353
649,2332
649,2531
651,1671
651,2145
652,2321
653,987
653,1184
654,1302
654,1510
656,2394
656,4338
657,1453
657,2704
658,2374
659,2030
660,799
660,910
661,1526
661,2231
662,1796
663,1427
663,3717
664,1873
664,2581
667,1086
667,2312
668,1395
668,1873
669,780
669,4219
670,1516
670,4142
671,1452
671,3263
672,1240
672,2305
673,1691
674,2129
674,2898
675,1887
675,4432
676,1171
676,3250
677,1090
677,4275
678,902
678,4139
680,1169
680,3689
681,716
681,1030
682,811
682,985
683,1676
683,4322
684,3053
685,947
685,1025
686,1025
687,3455
688,1054
688,4096
689,1257
689,2206
690,2137
690,2183
691,1058
691,3697
692,898
692,2122
693,1082
693,3943
694,1302
695,4205
697,1806
697,2906
698,1059
698,1129
699,772
700,707
700,1911
701,1001
701,3966
702,1477
702,2406
703,786
703,1709
704,2158
704,2609
705,883
705,2285
706,2019
707,4009
708,859
709,2006
709,3270
710,3528
710,4317
711,2233
711,3878
712,741
712,4125
714,770
715,813
715,3771
716,4026
717,1886
717,4348
718,921
718,1790
719,2229
720,938
720,1702
721,1151
722,1037
722,2333
723,2285
723,2332
724,2666
725,1096
725,3857
726,2439
726,3337
727,766
728,972
729,776
729,2707
730,1145
730,3623
732,1411
732,1786
733,1031
734,2242
735,1000
735,2889
736,1273
737,1217
737,3186
738,2207
738,2212
739,909
739,996
740,2121
740,3845
741,2753
742,1151
742,3943
743,745
743,2767
744,3403
744,3686
745,1948
746,2578
747,1482
747,4077
748,867
748,1511
750,3583
750,4227
751,1784
752,1047
753,1155
753,4112
754,3747
754,4374
755,2041
756,1003
756,1792
757,974
757,2890
759,4222
759,4277
760,768
760,1960
761,3220
761,3917
762,1633
762,1708
763,2148
764,786
764,1990
765,2246
765,4281
766,933
767,1610
767,2206
768,1249
769,854
769,1057
771,852
771,993
772,2145
773,1560
774,871
775,1378
775,1453
776,2724
778,2409
778,2753
779,1221
779,1536
780,4283
781,1104
782,1596
782,2749
783,1685
783,2633
784,1206
784,3897
785,3999
787,824
787,4218
788,2807
789,1007
789,3357
790,3533
791,1248
791,3048
792,1461
792,2154
793,1969
794,977
794,2301
795,1488
795,3303
796,1029
796,1513
798,1782
799,2468
800,3709
801,2345
801,4170
802,2355
804,1588
804,1681
805,1993
806,1856
807,1075
807,1113
808,4212
808,4318
809,3049
809,4027
810,3266
811,1393
814,3862
815,1961
815,4251
816,1074
816,2233
817,3089
817,3541
818,989
819,926
820,914
821,3696
823,860
823,2327
824,2895
825,1544
825,4278
826,1874
826,1968
827,2811
827,2891
829,916
829,4085
830,4373
832,991
833,1325
833,1980
834,884
835,1256
836,940
836,1673
837,2003
837,3319
839,1451
839,2209
840,1377
840,4390
842,3644
844,1623
845,3398
846,2787
846,4089
847,2391
847,3477
848,3917
849,3309
849,3931
850,1755
850,2246
851,3549
851,4018
852,2113
853,1546
855,1223
855,1370
856,978
856,4391
857,2179
857,2262
858,928
859,876
860,908
862,3086
863,4022
864,1921
865,4326
866,1822
866,3497
867,2849
868,1028
869,971
869,1005
870,4160
870,4402
872,1094
872,3292
873,4113
874,3993
875,1099
875,1167
876,3677
877,1116
879,932
879,2737
880,1161
882,3266
882,3622
883,2947
885,1158
885,3541
887,1418
887,1445
888,973
888,3759
890,2307
890,3607
891,3588
891,3757
892,1021
893,3855
893,4080
894,1555
895,1836
895,4126
896,3133
896,3210
897,2047
897,2315
899,1834
901,1607
901,3802
902,1105
903,4010
904,1144
905,1447
905,3733
906,1303
906,2239
907,944
907,1358
908,3755
910,1121
911,1197
911,2026
912,1791
912,4206
913,3781
915,3386
917,992
917,4046
918,1591
918,3636
919,4296
920,3163
921,1458
922,1560
922,1949
924,2513
924,4082
925,988
925,3595
926,4123
927,1388
928,3670
929,2633
929,3045
930,976
930,2705
931,4038
931,4327
932,1676
933,4344
934,1045
934,1639
935,2869
935,4365
936,1830
936,2335
937,3804
937,4287
938,1514
939,1141
940,3610
942,1411
942,1656
943,2025
943,2721
944,2296
945,1114
946,2551
946,3795
948,2103
948,3317
949,4286
950,1470
950,1672
951,2817
952,1638
954,2451
954,3914
956,2402
956,4109
957,3077
958,3965
959,3697
959,4344
960,4073
961,1391
962,1238
962,3103
963,2731
963,3934
965,4022
966,4360
967,1104
968,1546
968,1597
969,1700
969,4074
970,1153
974,1758
975,1687
975,3750
976,1645
977,4340
981,1122
982,3288
983,1051
984,2670
984,3523
985,1296
987,1320
988,3821
989,3935
990,1036
990,2283
993,2157
994,1031
995,1065
997,1615
997,3553
998,3617
998,4381
999,1033
1001,1770
1002,4214
1002,4255
1003,1746
1004,1022
1004,3514
1005,2230
1007,4227
1008,3891
1008,4244
1010,4172
1011,3596
1011,3603
1012,1836
1013,1626
1014,1981
1014,3688
1015,3198
1015,3901
1017,3635
1018,1645
1018,3751
1022,2301
1023,1034
1024,1578
1024,1895
1027,3418
1027,3512
1028,1041
1029,2214
1032,1138
1032,3621
1033,1312
1035,1999
1035,2346
1036,2421
1037,1948
1038,1160
1039,4115
1040,1062
1040,3837
1042,3213
1045,1052
1046,4376
1048,1337
1048,2207
1049,4025
1050,3857
1051,1570
1052,1776
1053,1482
1055,1148
1056,3418
1058,3592
1059,3822
1060,3491
1060,3729
1061,1966
1063,1315
1063,2715
1064,1123
1067,1358
1067,2375
1069,3909
1070,2005
1070,2933
1071,1171
1071,3759
1073,1093
1074,1157
1075,2139
1076,2406
1076,2941
1077,1290
1077,1857
1078,2926
1079,1531
1079,3190
1080,1232
1080,4255
1081,2174
1081,3949
1083,4277
1084,2250
1084,2710
1085,2471
1085,4158
1087,1412
1087,3501
1088,2968
1088,3649
1090,3738
1091,1127
1092,1901
1092,3524
1094,1103
1095,2772
1095,2900
1096,1097
1097,1118
1098,3752
1099,3102
1101,1990
1102,1735
1102,3714
1103,2096
1107,1109
1108,1740
1108,1853
1110,3749
1112,1424
1112,3024
1115,2160
1116,1639
1117,1649
1117,4221
1118,2720
1119,3155
1120,3579
1122,2140
1123,3014
1125,4000
1126,1521
1126,2441
1127,4335
1128,1908
1128,3403
1130,2191
1130,4004
1131,2670
1131,3070
1133,2356
1133,3330
1134,1786
1134,3668
1135,4245
1136,2393
1136,3049
1137,4025
1138,1232
1139,3972
1140,1568
1140,1749
1141,1334
1142,1752
1142,2576
1142,2864
1143,1552
1143,1900
1144,4074
1145,2468
1146,3539
1146,4244
1147,2210
1150,2561
1150,3479
1156,2564
1156,3970
1157,3885
1159,1969
1159,3185
1162,3078
1163,1810
1164,1733
1164,1932
1165,3906
1165,4054
1166,3497
1167,4044
1168,2142
1168,3848
1169,1841
1170,2176
1170,2933
1172,2754
1172,4128
1173,2500
1173,4196
1174,2344
1174,2783
1175,1984
1175,2620
1176,1306
1176,3733
1177,1193
1177,3472
1178,3991
1179,2627
1179,4362
1180,1783
1180,2984
1181,2830
1181,3095
1182,2719
1182,3389
1183,3706
1183,4294
1184,3111
1185,1740
1185,2356
1186,3514
1186,3915
1187,2850
1188,1247
1188,4408
1189,2481
1189,3410
1190,2159
1190,2979
1191,2243
1191,3094
1192,1366
1194,1540
1194,1633
1195,3310
1195,4285
1196,2519
1196,4191
1198,2887
1198,3777
1199,1517
1199,3026
1200,2674
1200,4333
1201,1208
1201,3344
1202,1372
1202,3459
1203,2567
1203,4320
1204,1351
1204,1454
1205,1959
1205,3067
1206,2602
1207,1272
1207,3520
1208,1847
1209,1923
1209,3786
1210,1739
1210,2652
1211,1629
1211,3763
1212,3225
1212,3942
1213,2300
1213,3294
1214,2475
1214,2614
1215,2866
1215,3060
1216,1574
1216,4425
1217,2372
1218,2223
1218,2959
1219,1665
1219,2732
1220,2942
1220,3465
1221,3780
1222,2572
1222,3138
1223,3491
1224,1634
1224,2022
1225,3725
1226,2395
1226,3482
1227,3007
1227,4363
1228,1708
1229,2739
1229,3634
1230,2579
1230,3426
1231,1596
1231,4101
1234,3129
1234,4117
1235,2259
1235,3453
1236,1493
1236,1569
1237,2902
1237,4119
1238,2693
1239,3607
1239,3688
1240,2322
1241,3948
1242,2221
1242,3433
1243,2373
1243,3896
1244,1683
1244,2451
1245,2523
1245,3782
1246,3064
1246,3370
1247,1297
1248,2539
1249,3200
1250,1543
1250,2654
1251,1556
1251,3273
1252,3216
1252,3753
1253,3449
1253,4350
1254,2446
1254,2560
1255,1466
1255,1947
1256,1353
1257,4030
1258,1558
1258,3883
1259,1362
1259,2152
1260,1383
1261,1933
1262,1346
1262,3827
1263,1521
1263,3205
1264,2072
1264,3171
1266,1848
1266,4008
1267,3004
1267,3645
1268,2231
1268,3630
1269,1830
1269,2268
1270,1329
1270,2347
1271,2836
1271,2970
1272,1432
1273,2271
1274,2291
1275,1646
1276,2412
1276,2792
1277,1454
1277,1815
1278,2101
1278,4169
1279,2563
1279,3006
1280,2088
1280,3423
1281,2678
1281,2852
1282,2003
1282,2113
1283,3661
1283,4200
1284,3429
1284,3856
1285,3128
1285,4257
1286,2067
1286,2525
1287,1738
1287,3907
1288,2065
1288,4057
1289,3480
1291,2872
1292,3195
1292,3648
1293,4222
1293,4355
1294,1681
1294,3344
1295,1893
1295,1979
1296,2008
1297,2331
1298,1608
1298,2532
1299,2653
1299,3704
1300,3487
1300,4356
1301,2538
1301,3157
1303,2030
1304,2720
1305,1917
1305,2135
1306,1327
1307,1663
1307,3200
1309,1360
1309,3445
1310,3042
1310,3616
1311,1660
1311,2871
1313,2790
1313,3098
1314,1988
1314,3448
1315,3282
1316,1408
1316,2950
1317,1457
1317,1581
1318,2928
1318,3102
1319,1822
1319,4330
1322,2663
1323,1594
1323,3743
1324,2218
1325,4342
1326,1403
1326,2336
1327,2257
1328,2717
1328,3391
1329,2226
1330,2849
1331,1897
1331,3609
1333,3119
1333,4177
1335,1642
1335,2215
1336,3612
1336,3660
1337,3133
1338,1487
1338,1886
1339,3685
1339,3988
1340,1752
1340,3758
1341,2217
1341,3207
1342,1925
1342,3813
1343,1571
1343,2282
1344,2416
1344,3307
1345,2494
1345,4023
1346,2497
1347,2778
1347,2965
1348,1753
1348,4258
1349,2393
1350,3234
1350,3383
1351,2547
1352,2743
1352,3628
1353,1961
1354,3762
1354,4355
1355,2337
1355,3504
1356,1669
1356,2627
1357,2298
1357,3633
1359,3124
1359,4035
1360,3463
1361,2035
1361,3746
1362,2921
1363,1941
1364,2687
1365,1916
1365,3924
1366,1378
1367,2337
1367,3047
1368,3319
1368,4243
1369,3146
1369,3810
1370,3116
1371,1537
1371,2784
1372,2914
1374,2389
1374,2399
1375,1538
1375,2640
1376,2248
1377,3853
1379,2274
1379,4124
1380,3505
1381,3058
1381,4320
1382,3965
1384,1691
1384,3860
1385,2105
1385,2177
1386,1520
1387,3158
1387,3745
1388,2977
1389,2095
1389,2506
1390,3432
1392,1602
1392,4332
1393,1678
1394,1448
1394,3980
1395,1695
1396,2084
1397,2123
1397,3736
1398,3257
1398,4349
1399,1833
1399,3400
1400,1415
1400,3011
1401,1835
1401,1871
1402,2862
1402,4424
1403,2727
1404,2697
1404,3691
1405,1513
1405,1811
1406,2433
1406,3792
1407,1946
1407,3737
1408,2205
1409,1771
1409,2836
1410,3071
1410,4159
1412,2747
1413,4006
1413,4131
1414,3584
1414,4053
1415,3197
1416,2908
1416,3153
1417,2613
1417,2808
1418,3136
1419,1617
1419,2798
1420,3246
1420,3516
1421,2496
1421,2561
1423,1551
1423,3375
1424,1962
1425,2549
1425,2888
1426,2257
1426,2954
1427,2002
1428,2550
1428,2681
1429,4186
1430,3783
1430,3940
1431,4335
1432,2983
1433,1842
1433,2922
1434,3669
1434,4161
1435,3440
1435,3468
1436,1564
1436,1884
1437,2735
1437,2990
1438,3199
1438,4375
1439,3121
1439,3223
1440,1927
1440,3125
1441,1850
1441,2524
1442,2384
1442,2500
1443,2912
1443,4189
1446,2537
1446,4045
1447,3137
1448,1944
1449,3472
1449,3798
1450,2508
1450,4062
1451,1496
1452,2238
1455,2892
1455,3569
1456,2414
1456,4433
1457,2322
1458,4157
1459,4339
1460,2270
1461,2792
1462,3089
1462,4426
1463,2186
1463,3054
1464,2367
1464,2432
1465,3427
1465,4421
1466,2180
1467,2192
1467,3728
1468,2535
1468,3473
1469,2599
1469,4050
1470,3918
1471,2305
1471,4019
1472,1704
1472,3630
1473,2182
1474,3337
1474,4372
1475,3180
1475,3812
1476,2334
1476,3008
1477,1883
1478,2247
1478,2517
1479,3979
1479,4315
1480,3838
1480,3861
1481,1955
1481,2004
1483,3156
1484,2786
1484,4281
1485,1702
1486,1620
1486,2911
1487,4207
1488,3898
1489,1651
1489,2675
1490,1630
1490,3299
1491,1710
1491,3819
1492,2601
1492,4242
1493,2688
1494,3243
1495,3229
1495,4072
1496,2864
1497,2147
1497,3354
1498,2447
1499,2503
1499,4296
1500,2422
1500,3576
1501,1940
1501,3431
1502,1874
1502,3710
1504,3019
1505,3326
1505,3682
1506,2892
1506,4382
1507,2150
1507,2288
1508,2659
1509,1712
1509,2884
1509,3088
1510,2391
1511,1922
1512,2673
1512,2698
1515,2123
1515,2326
1516,4338
1517,2948
1518,4068
1520,2070
1522,2078
1523,1872
1523,3109
1524,2344
1525,2076
1525,3698
1526,3720
1527,2584
1527,3093
1528,1662
1528,1950
1529,1789
1529,3338
1530,1579
1530,1780
1531,1993
1532,3381
1532,3597
1533,2763
1533,3532
1534,2751
1534,4005
1535,2114
1535,3479
1536,1557
1537,3438
1538,3974
1539,2698
1539,2934
1540,1788
1541,4043
1541,4053
1543,2088
1544,3014
1545,2110
1545,2213
1547,2385
1547,4293
1548,3450
1548,4337
1549,1590
1549,3394
1550,2461
1550,3030
1551,1889
1552,2158
1553,2049
1553,3303
1554,3660
1554,3907
1556,3122
1557,1714
1558,3234
1559,3187
1559,4367
1561,2656
1561,3664
1562,2067
1562,2530
1563,2665
1563,4084
1564,4145
1565,2459
1565,2796
1566,2275
1566,2727
1567,3021
1567,3884
1568,2185
1569,4268
1570,4228
1571,1908
1572,2602
1573,3139
1573,3398
1574,1751
1575,2546
1575,3362
1576,2473
1576,2776
1577,1975
1577,2752
1579,3633
1580,2160
1581,3888
1582,3556
1582,4041
1583,3113
1583,3766
1584,4294
1585,2064
1585,3356
1586,2181
1586,2752
1587,3019
1588,2956
1590,1795
1592,2142
1592,2567
1594,1903
1595,1943
1595,4312
1597,3631
1598,1730
1598,1834
1599,2528
1599,2566
1601,3237
1602,1742
1603,2572
1603,3191
1604,2005
1604,4342
1605,3105
1605,4309
1606,1828
1606,2119
1607,1791
1608,1635
1609,1828
1609,3217
1610,1986
1611,2106
1611,4233
1612,2700
1612,3522
1613,2289
1613,3190
1614,2015
1614,2421
1615,3961
1616,4385
1617,2867
1618,2298
1618,3582
1619,1713
1620,4224
1621,2890
1621,3788
1622,2001
1622,3280
1623,3926
1624,2519
1624,2668
1625,2161
1625,4011
1627,2518
1627,3341
1628,1756
1628,4151
1629,2557
1630,4066
1631,2964
1632,1756
1632,2387
1634,2314
1636,2395
1636,3422
1637,3890
1637,3892
1640,3294
1640,4314
1641,2260
1641,3863
1642,2114
1643,3616
1643,4313
1644,1958
1646,2062
1647,3199
1647,3779
1648,3473
1648,3916
1650,1968
1650,3501
1651,3313
1652,3832
1652,4423
1653,3552
1653,3990
1654,2237
1654,3308
1655,2957
1655,3967
1656,4390
1657,3912
1657,4412
1658,3281
1658,3350
1659,3262
1659,3880
1660,3318
1661,3075
1662,2881
1664,2121
1665,3135
1666,1813
1666,4055
1667,2713
1667,3471
1668,1677
1668,4341
1669,3668
1670,2824
1670,3410
1673,2212
1674,2186
1674,3011
1674,3941
1677,4429
1678,2514
1679,2857
1679,3035
1680,2635
1680,4156
1682,3593
1682,4213
1683,1736
1684,2400
1684,2492
1685,4113
1686,2314
1686,4116
1687,3247
1688,3419
1688,3678
1689,2154
1689,4103
1690,1696
1690,3981
1692,2168
1692,3765
1693,1896
1693,2917
1694,2021
1694,3816
1695,4406
1696,3786
1697,2017
1697,3119
1698,2605
1699,2476
1699,2588
1701,3040
1701,4118
1703,3706
1703,3773
1704,3394
1705,3042
1705,3407
1706,2859
1706,3034
1707,4104
1707,4398
1710,4052
1711,2794
1711,4012
1712,2306
1713,3368
1714,2971
1715,3284
1715,3416
1716,1779
1716,3298
1717,2362
1717,3534
1718,2587
1718,3328
1719,3912
1719,3920
1720,1852
1720,2756
1721,2896
1722,3588
1722,4406
1723,2673
1723,2762
1724,2167
1724,3261
1725,2038
1725,2144
1726,2034
1726,4011
1727,1983
1727,4059
1728,2208
1729,2362
1729,2834
1730,2262
1731,2062
1731,2254
1732,2021
1732,2909
1733,3785
1734,2429
1734,2808
1735,2310
1736,2747
1737,3082
1738,3478
1739,2380
1741,2605
1741,4126
1742,3279
1742,4202
1743,2274
1743,3954
1744,2300
1744,4061
1745,2940
1745,4104
1746,4124
1747,2863
1747,2955
1748,1763
1748,2072
1750,2134
1750,2343
1751,2408
1753,1992
1754,1760
1754,3810
1755,2130
1757,3387
1757,3920
1759,3954
1759,4259
1760,3171
1761,2052
1761,3424
1762,2682
1762,3916
1763,3273
1764,2273
1765,2235
1765,3876
1766,3110
1766,3151
1767,2464
1767,2593
1768,2420
1768,3406
1769,3675
1769,4407
1770,2381
1771,3356
1772,1967
1772,3870
1773,1842
1773,3544
1774,3672
1775,3828
1775,4201
1776,3799
1777,2989
1777,3815
1778,3521
1778,3919
1779,4017
1780,2438
1781,2411
1781,3016
1783,1992
1784,3906
1785,3585
1785,3946
1787,3095
1787,3580
1788,4324
1789,4232
1792,2052
1793,2054
1795,1985
1797,3147
1797,3997
1798,2397
1798,3653
1799,1801
1799,2126
1800,2759
1800,3358
1801,3223
1802,3101
1802,4305
1803,3713
1804,3232
1804,3615
1805,3510
1805,4152
1806,1980
1807,3116
1807,4415
1808,4036
1808,4149
1810,2272
1812,2348
1812,4224
1813,3773
1814,2161
1814,3297
1815,1978
1816,2674
1816,4163
1817,2103
1817,2334
1818,2054
1820,2241
1821,3649
1821,3652
1823,3160
1823,3875
1824,2867
1824,4164
1825,1862
1825,4013
1826,3825
1827,3189
1827,3829
1829,1920
1829,3414
1831,2978
1831,3125
1832,2336
1832,3526
1833,3277
1835,3996
1837,3269
1838,2085
1838,2495
1839,1963
1839,2299
1840,2150
1840,2481
1841,4324
1843,1852
1843,2542
1844,3087
1844,4015
1845,2621
1845,3958
1846,2937
1847,1857
1848,2162
1849,2049
1849,2943
1850,3809
1851,1928
1854,3081
1854,3109
1855,3970
1855,4004
1858,2216
1858,3859
1859,3625
1859,3722
1860,1934
1860,4034
1861,2032
1861,3392
1862,4171
1863,2399
1863,3551
1864,2192
1864,3289
1865,2002
1866,3770
1866,3992
1867,2856
1867,3283
1868,2179
1869,3402
1869,3625
1870,2976
1871,1943
1872,3080
1876,3568
1876,4151
1877,3041
1878,3355
1878,3695
1879,3120
1879,4258
1880,3609
1880,4408
1881,2018
1881,3170
1882,2354
1883,2447
1884,4412
1885,2591
1885,4091
1887,4368
1888,1976
1889,3840
1890,2755
1890,4217
1891,3048
1891,3499
1892,2432
1892,3707
1893,2974
1894,2253
1894,3850
1895,2904
1896,3602
1897,3718
1898,3663
1899,2245
1899,2819
1900,3280
1902,2539
1902,4170
1903,2318
1904,4275
1905,2522
1905,3206
1906,2525
1906,3251
1907,3148
1907,3830
1909,3137
1909,4383
1910,2579
1910,3144
1911,3968
1912,2104
1912,3210
1913,2044
1913,3828
1914,2742
1914,3994
1915,2957
1915,3252
1916,2474
1918,3732
1918,4231
1919,4136
1919,4378
1920,3333
1921,3972
1922,2280
1923,3745
1925,2074
1926,2415
1926,4135
1927,3221
1928,2097
1929,2069
1929,4242
1930,2444
1930,3066
1931,2493
1931,4043
1932,2159
1933,2101
1934,2903
1935,2507
1935,3613
1936,2690
1936,4051
1937,3292
1938,2124
1939,2852
1939,3593
1940,3883
1941,2104
1942,3336
1942,3582
1944,1951
1945,2236
1945,3184
1946,2562
1947,3406
1950,1996
1951,3718
1952,3562
1952,4398
1953,2723
1953,3471
1954,2163
1954,2874
1955,3835
1956,2746
1957,3107
1957,3248
1958,3222
1960,2510
1962,3566
1963,2504
1964,2312
1965,2672
1965,2774
1967,3012
1970,2077
1970,2304
1971,2804
1972,2592
1972,3546
1973,3352
1973,3402
1974,2068
1974,2719
1975,4162
1977,2116
1978,3702
1979,2979
1981,2176
1982,2118
1982,3944
1983,2570
1984,2258
1985,2794
1987,2295
1987,3834
1988,2137
1989,4226
1989,4391
1991,2722
1991,3348
1994,2039
1994,3770
1995,2474
1995,4192
1996,2916
1997,2402
1997,3326
1998,2242
1999,3603
2000,3404
2000,4040
2001,4208
2004,2093
2006,4420
2007,3464
2008,3610
2009,2146
2009,3195
2010,2946
2010,4156
2011,2073
2011,4020
2012,2993
2012,3189
2013,2051
2013,4270
2014,4306
2015,3345
2016,2134
2016,3729
2017,3084
2018,2608
2020,3076
2020,3498
2022,2388
2023,3842
2023,3882
2024,3874
2024,3998
2025,4328
2027,2648
2027,3789
2028,3287
2028,3614
2031,4014
2032,2040
2033,3955
2033,4229
2034,4063
2035,3880
2036,2953
2036,4263
2038,3118
2039,2181
2040,2837
2042,2769
2042,4118
2043,3181
2043,4223
2044,2172
2045,4054
2046,2744
2046,3132
2047,4362
2048,2953
2048,3457
2050,3747
2051,4155
2053,2059
2053,3349
2055,2369
2055,3412
2056,2910
2056,3072
2057,3050
2058,3477
2058,4198
2059,2895
2060,2144
2060,2732
2061,2681
2061,3492
2063,3271
2063,3613
2064,3950
2065,2936
2066,2823
2066,4400
2068,3140
2069,2407
2070,2202
2071,2308
2071,3062
2073,4092
2074,3244
2075,2795
2075,3434
2076,2621
2078,3682
2079,2087
2079,4413
2080,3918
2081,3231
2081,3933
2082,4115
2083,3225
2083,4238
2084,2730
2085,2597
2086,3845
2086,3983
2087,2310
2089,2329
2089,3387
2092,2256
2092,3927
2093,2249
2094,2563
2094,4181
2095,2413
2096,3741
2097,3799
2098,3827
2098,4420
2099,3948
2100,3010
2100,4108
2101,3038
2102,2473
2102,3001
2105,3695
2106,2553
2107,2981
2107,4404
2108,2335
2108,2439
2109,2761
2109,4292
2110,3165
2111,3217
2111,3268
2112,2810
2112,3380
2115,2874
2115,3849
2116,3331
2118,3612
2119,2380
2120,2175
2120,3015
2122,3968
2124,3980
2125,2263
2125,3766
2126,2348
2127,2489
2127,3793
2128,2997
2128,3224
2130,3608
2132,2910
2132,4209
2133,2349
2133,2516
2135,3553
2136,2250
2136,2296
2138,2996
2138,3123
2141,2331
2141,4380
2143,2571
2143,3535
2146,2904
2147,3138
2149,4302
2151,2195
2151,3640
2152,3070
2153,2986
2153,4086
2155,2156
2155,3561
2156,3953
2157,2696
2162,2576
2164,2534
2164,2925
2165,2568
2165,4238
2166,3168
2166,3417
2167,3950
2168,3743
2169,3604
2169,4186
2170,2303
2170,2550
2171,3494
2171,4311
2172,3236
2173,3332
2173,3365
2174,3899
2175,3194
2177,3365
2178,2480
2178,2839
2180,3879
2182,3159
2183,2259
2184,2281
2184,2774
2187,2801
2187,3013
2188,3023
2188,3330
2189,2797
2189,3370
2190,3888
2190,4137
2191,4168
2193,4107
2193,4131
2194,3721
2194,4265
2195,2922
2196,2637
2196,3202
2197,3033
2197,4121
2198,2341
2198,3226
2199,2943
2200,2440
2200,2797
2201,3543
2201,4023
2202,4109
2203,2682
2203,3047
2204,3669
2204,4045
2205,2235
2209,2445
2210,3696
2211,2470
2211,4424
2213,4240
2214,2289
2215,2311
2216,3068
2217,3626
2218,4158
2219,3026
2219,4086
2220,2392
2220,4058
2221,2906
2222,2762
2222,2768
2223,3840
2224,2617
2224,4099
2225,2599
2225,3287
2226,2840
2227,2243
2227,2275
2228,3230
2229,2789
2230,2891
2232,2368
2232,2958
2234,2582
2234,2828
2236,2575
2237,3226
2238,3010
2240,2521
2240,2622
2244,2632
2244,3618
2245,2740
2249,3876
2251,2771
2251,3296
2252,3578
2252,3836
2253,4070
2254,4018
2255,2430
2256,3744
2258,3851
2260,4276
2261,2580
2261,3985
2263,3142
2264,2725
2264,3476
2265,2533
2265,3311
2266,3279
2266,3429
2267,4360
2268,3639
2269,3143
2269,3900
2271,3099
2272,3932
2276,2939
2276,3815
2277,3002
2277,3577
2278,3421
2278,3576
2279,2360
2279,3803
2281,3726
2283,2705
2284,3087
2284,3130
2287,3113
2287,4161
2288,4279
2291,4383
2292,2317
2292,4070
2293,2442
2293,3134
2294,4006
2295,2624
2297,3397
2297,3508
2299,3998
2302,4291
2302,4308
2303,2958
2306,2868
2307,2311
2308,2359
2309,4207
2309,4369
2313,3674
2313,4145
2316,2695
2316,3984
2317,3714
2318,3995
2319,3177
2319,3574
2320,4346
2323,2529
2323,3408
2324,2675
2324,3435
2325,3027
2325,4122
2326,2973
2327,3914
2328,3600
2328,4416
2329,4313
2330,3517
2330,4248
2333,3781
2338,3489
2339,2947
2339,4139
2340,4069
2340,4167
2341,3689
2346,4092
2349,3008
2350,3712
2351,2552
2351,3043
2352,3659
2352,3788
2353,2855
2353,3776
2354,3713
2355,3555
2358,2987
2358,3769
2359,2493
2360,2861
2361,2478
2361,3350
2363,3079
2363,3955
2364,2592
2364,3235
2365,2667
2365,3872
2366,3400
2366,4433
2367,2520
2368,3509
2369,3694
2370,2616
2370,4428
2371,2383
2371,4363
2372,3488
2373,2653
2374,2659
2375,4226
2376,3221
2376,3673
2377,2893
2377,3495
2378,3811
2378,4075
2379,3493
2379,4260
2381,3606
2382,3439
2382,4353
2383,4225
2384,3430
2385,3665
2386,2559
2386,3106
2387,3290
2388,2946
2389,3903
2390,3503
2390,3655
2392,4417
2396,3363
2396,3601
2398,3622
2400,2485
2401,4180
2401,4261
2403,3061
2403,4169
2404,2760
2404,3444
2405,3868
2405,4173
2407,3717
2408,3601
2410,2923
2410,3085
2411,2813
2412,2931
2413,3922
2414,3058
2415,4057
2416,2759
2417,3340
2417,4348
2418,3797
2418,4052
2419,2582
2419,3951
2420,2527
2422,4263
2423,2518
2423,4236
2424,2748
2424,3399
2425,3038
2426,2886
2426,3258
2428,2981
2428,3004
2429,2785
2429,2996
2430,4397
2433,3259
2434,3396
2434,4298
2435,3275
2435,3461
2436,3716
2436,3928
2437,2931
2437,3073
2438,3085
2440,2483
2442,4253
2443,3499
2445,3367
2446,3265
2448,2702
2448,3530
2449,2826
2449,4111
2450,3285
2450,4055
2452,2697
2452,4278
2453,2757
2453,3877
2455,4284
2455,4414
2456,2988
2456,3690
2457,2758
2457,3586
2458,3088
2458,4231
2459,4241
2460,3559
2461,4345
2462,3118
2462,4265
2464,2651
2465,3345
2465,3448
2466,2711
2466,2729
2467,3092
2467,3654
2469,3645
2469,3864
2470,4300
2471,2610
2472,3154
2472,3683
2475,2870
2476,2533
2477,3627
2478,3977
2479,3018
2479,3074
2480,2879
2482,3009
2482,3779
2483,3339
2484,2863
2484,3643
2485,4431
2486,2929
2486,3715
2487,3036
2487,3641
2488,4071
2488,4072
2489,2918
2490,3853
2491,2790
2491,3829
2492,3736
2494,3871
2495,3572
2496,3994
2497,2956
2498,3059
2498,3388
2499,2728
2499,3927
2501,2587
2501,3536
2502,3037
2502,4405
2503,3314
2504,3164
2505,3090
2505,3723
2506,3056
2507,4165
2508,4366
2509,3377
2509,3419
2510,2883
2511,3101
2511,3305
2512,3327
2512,3431
2513,3659
2514,2879
2515,3341
2515,3348
2516,3219
2517,3619
2520,2688
2521,3679
2522,3604
2524,3957
2526,3486
2526,3602
2527,3875
2528,3791
2529,2959
2530,3245
2531,4003
2532,4001
2534,2536
2535,2965
2537,4197
2538,3905
2540,2871
2540,3334
2541,2620
2541,4274
2542,2937
2543,2930
2543,3197
2544,3201
2544,3439
2545,2826
2545,4081
2546,3214
2547,3333
2548,2760
2548,3246
2549,2805
2552,3637
2553,3544
2554,2612
2554,2723
2555,2656
2555,3844
2556,2728
2556,4164
2557,3962
2558,3090
2558,3347
2559,2803
2560,3110
2562,4017
2564,4134
2565,2695
2566,4184
2568,2962
2569,2630
2569,4150
2570,3723
2571,3769
2573,2824
2573,3354
2574,2859
2574,3369
2575,3831
2577,3238
2577,3361
2580,2777
2581,3991
2583,3783
2583,4307
2584,2990
2585,3575
2585,4387
2586,2589
2586,3515
2588,4252
2589,3577
2590,3446
2590,3976
2591,3913
2593,3864
2594,2643
2594,3036
2595,2905
2595,3843
2597,3211
2598,3818
2598,4196
2600,3665
2600,3971
2601,4414
2603,2636
2603,3872
2604,2650
2604,3683
2606,2657
2606,3790
2607,3405
2607,4345
2608,4138
2609,3237
2611,3145
2611,3643
2612,3569
2613,3620
2614,2616
2615,3832
2615,4259
2617,4148
2618,3566
2618,3758
2622,3374
2623,2647
2624,4240
2626,3097
2626,3451
2628,3705
2628,3767
2629,2916
2629,3129
2630,3272
2631,2976
2632,4237
2634,3436
2634,3676
2635,3742
2636,3680
2637,4237
2638,2872
2639,2843
2639,4093
2641,2741
2641,3746
2642,3291
2642,3384
2643,3705
2644,2834
2644,3443
2645,2722
2645,2919
2646,2805
2646,3638
2647,2973
2648,3214
2649,3990
2649,4262
2650,3571
2651,2663
2652,3982
2654,3874
2655,3255
2655,3964
2657,4195
2658,2995
2658,3080
2660,3975
2660,4249
2661,2825
2662,2769
2662,4400
2664,2897
2664,3482
2665,2924
2666,2992
2667,3654
2668,3007
2669,2961
2669,3956
2671,2784
2671,3639
2672,4266
2676,3076
2676,4267
2677,4182
2677,4269
2678,2679
2679,3589
2680,3057
2680,3720
2683,2726
2683,2888
2684,3039
2684,4039
2685,3307
2685,4215
2686,3440
2686,4191
2689,3131
2689,4402
2690,3708
2691,3552
2691,3721
2692,3267
2692,4353
2693,3687
2694,3208
2694,3969
2699,3021
2699,3397
2700,4049
2701,2841
2701,3174
2702,2793
2703,2745
2706,3025
2706,4396
2708,3961
2708,4347
2709,3384
2709,3844
2710,4330
2711,3542
2712,3727
2712,4209
2713,2966
2714,3163
2716,2816
2717,4269
2718,3634
2718,4179
2721,3451
2725,3754
2726,3530
2729,3364
2730,3936
2733,3572
2733,3673
2734,2878
2734,3511
2735,3069
2736,2918
2736,4280
2737,2820
2738,2905
2738,2961
2739,3249
2740,3711
2741,3268
2742,3264
2743,3483
2744,3807
2745,4083
2748,3545
2749,3362
2750,3191
2750,4066
2751,4135
2754,4399
2755,3567
2756,4117
2757,3306
2758,3534
2761,4379
2763,3063
2764,4220
2764,4325
2765,3676
2765,4028
2766,3063
2766,3531
2768,4291
2770,2851
2770,4309
2771,2983
2772,3761
2773,2827
2773,4409
2775,3608
2776,3435
2777,2925
2778,3939
2779,3108
2779,3360
2780,3519
2780,4358
2781,2952
2781,3229
2782,2835
2782,4289
2785,3395
2786,3932
2788,3170
2788,4007
2791,2846
2791,3865
2793,4429
2795,4075
2798,3774
2799,3415
2799,4047
2800,2938
2800,4076
2801,3091
2802,2823
2802,4203
2803,4167
2806,3169
2806,3295
2807,3127
2809,3131
2809,4306
2810,3207
2812,2821
2812,2840
2813,2844
2814,4187
2815,3372
2815,4098
2816,3715
2817,3086
2818,2960
2818,3642
2819,3024
2822,2949
2822,3730
2825,4377
2827,3134
2828,2975
2829,3523
2829,3537
2830,4215
2831,3179
2831,4405
2832,3044
2832,3328
2833,4016
2833,4152
2835,3764
2837,4021
2838,2907
2838,3839
2839,4001
2841,4290
2842,2860
2842,3764
2843,2913
2844,3218
2845,4321
2846,3183
2847,3647
2847,4040
2848,3835
2848,4108
2851,3443
2853,3986
2853,4350
2854,3666
2854,3707
2855,2917
2856,3441
2857,4218
2860,4249
2861,3437
2862,4354
2865,3149
2865,3179
2866,3558
2868,3376
2870,3565
2873,3323
2873,3396
2875,3724
2875,4230
2876,3790
2876,3879
2877,3485
2877,4132
2878,3589
2881,3054
2882,3947
2882,4235
2884,3938
2885,4088
2886,3262
2887,4357
2893,4064
2894,4241
2896,3929
2897,4099
2898,3061
2901,3538
2901,4334
2902,3382
2903,3529
2907,3351
2908,3493
2909,3798
2911,4233
2912,4290
2913,3073
2914,3518
2915,3003
2915,4110
2919,3556
2920,3449
2920,3767
2921,4378
2923,3967
2924,3052
2926,4095
2927,3963
2927,4310
2929,3546
2930,3245
2932,2944
2932,3399
2934,4100
2935,3580
2935,4288
2936,3744
2938,3020
2939,3858
2940,3215
2942,3208
2944,4288
2945,3936
2945,4068
2948,3255
2949,4280
2950,3334
2951,3524
2952,4333
2954,3672
2955,4273
2962,3188
2963,3971
2963,4213
2964,3367
2966,3515
2967,3167
2967,3304
2968,3111
2969,3140
2969,3884
2972,3031
2972,3615
2974,3460
2975,3374
2978,3342
2980,3290
2980,3485
2982,3899
2984,3817
2985,3313
2985,4147
2986,3995
2987,3027
2988,3650
2989,3000
2991,3146
2991,3352
2993,3372
2994,3161
2994,4256
2995,3329
2997,4272
2998,3587
2998,4393
2999,3952
2999,4299
3000,3392
3001,3174
3002,3700
3003,3405
3005,3975
3005,4190
3006,3858
3009,3869
3012,3032
3013,3726
3015,3444
3016,3734
3018,3150
3020,3522
3022,3051
3022,3320
3025,3300
3028,3475
3028,3527
3029,3841
3029,4116
3030,3193
3031,4395
3032,3474
3033,3416
3034,3062
3035,3626
3037,4301
3039,4352
3040,4062
3041,3860
3043,3985
3044,3408
3045,4295
3046,4200
3046,4260
3051,4184
3052,3393
3055,3542
3055,4323
3056,4160
3057,4331
3059,4015
3060,4146
3064,3286
3065,3238
3065,3376
3066,3196
3068,3414
3069,3905
3071,3120
3072,3297
3074,3417
3079,3232
3081,3590
3083,3466
3083,3838
3084,4192
3091,3267
3092,4301
3093,3122
3094,3502
3096,3702
3096,4332
3097,4347
3098,3859
3100,3777
3100,4377
3103,3206
3105,3467
3106,3638
3107,3563
3108,3895
3112,3548
3112,4370
3114,3215
3114,3708
3115,3154
3115,3483
3117,3220
3121,4078
3123,3325
3124,3536
3126,3699
3126,3867
3128,3664
3130,3176
3132,3434
3135,3658
3136,3559
3139,3331
3141,3925
3141,4120
3142,3148
3143,4386
3144,3662
3145,3340
3147,4430
3149,3978
3150,4067
3151,4195
3153,3366
3156,3311
3157,4042
3158,3426
3160,4150
3161,3201
3162,3461
3162,4069
3164,3944
3165,3952
3166,4194
3166,4236
3167,3312
3168,3366
3169,4387
3172,3176
3172,3678
3173,4071
3173,4154
3175,3768
3175,4067
3177,4058
3180,3454
3181,3973
3182,3327
3182,3937
3183,3881
3184,4065
3186,4142
3187,3578
3188,3787
3192,3540
3192,4366
3193,4371
3194,3320
3202,4129
3203,3378
3203,3741
3204,4166
3204,4409
3209,3441
3209,3988
3211,3730
3212,3519
3212,3565
3213,3692
3216,3974
3218,3774
3219,3296
3222,4346
3224,3761
3227,3247
3227,4008
3228,3456
3230,3725
3231,3763
3233,3575
3233,3979
3235,3681
3236,4185
3239,3455
3240,3889
3240,4316
3241,3772
3241,4379
3242,3295
3242,4029
3244,3823
3248,4336
3249,4165
3251,3959
3252,3657
3253,3568
3253,4411
3254,3423
3254,4144
3257,4272
3258,3856
3259,3486
3260,3896
3260,4147
3261,3902
3263,3800
3264,3644
3265,4132
3271,3421
3272,3586
3274,4021
3274,4329
3275,4130
3276,3693
3276,4419
3277,4194
3278,3557
3278,4204
3281,3404
3283,3893
3284,4256
3285,4410
3286,4144
3289,4030
3291,4065
3293,3679
3293,3731
3298,3383
3299,4311
3300,3977
3301,3549
3301,4159
3302,3490
3302,3933
3304,3466
3305,3842
3308,4312
3309,4088
3312,3540
3315,3651
3315,3722
3316,3329
3316,4033
3317,3380
3318,3740
3322,3371
3322,4002
3323,3904
3325,3590
3332,4426
3335,3823
3335,3953
3336,4211
3338,3889
3339,3690
3342,3866
3343,4090
3343,4354
3346,4427
3347,3521
3349,4421
3351,3360
3355,4284
3358,4341
3361,3484
3363,3468
3364,3796
3369,3529
3371,3458
3373,3710
3375,3490
3377,4039
3379,3564
3379,3824
3381,3474
3382,3545
3385,4340
3388,4189
3389,3982
3390,3420
3390,3495
3391,3789
3393,4331
3395,3655
3401,3886
3407,4380
3411,3949
3412,3430
3413,4297
3413,4389
3415,3548
3420,3794
3422,3450
3424,3850
3425,3731
3425,4276
3427,3836
3428,3554
3428,4394
3432,4322
3433,4373
3436,3877
3437,4183
3438,3753
3442,4214
3445,3560
3446,3629
3447,3903
3447,4102
3452,3891
3453,3623
3454,3628
3457,4127
3458,3693
3459,3922
3462,3487
3462,3587
3463,3594
3464,4107
3465,4289
3467,3778
3469,3919
3469,3956
3470,3658
3470,4352
3475,4323
3476,3882
3478,4153
3480,3808
3481,3794
3481,3987
3488,4246
3489,4096
3492,4239
3494,3981
3496,3667
3496,3923
3498,3508
3500,4279
3500,4337
3502,4262
3503,4076
3504,3841
3506,3895
3506,3938
3507,3863
3507,3987
3509,3581
3510,3881
3511,4422
3512,3814
3513,3812
3513,3813
3516,4371
3518,4223
3520,4185
3525,3583
3526,3848
3527,3564
3528,4252
3531,3816
3532,4297
3538,4204
3543,4404
3547,3563
3547,4389
3550,4050
3550,4417
3551,4005
3554,4063
3557,4060
3558,3634
3560,3887
3561,3685
3562,4033
3567,3947
3570,4221
3571,3573
3573,3703
3574,4012
3579,4210
3581,3675
3584,3614
3585,3795
3591,4212
3592,4381
3594,4174
3596,3687
3597,4090
3598,4210
3599,3941
3599,4230
3600,4394
3618,4217
3620,4203
3624,3825
3624,3854
3627,3966
3629,3760
3640,3942
3641,3939
3642,4267
3646,3873
3646,3902
3647,3666
3648,3751
3650,3839
3651,3833
3656,3834
3656,4329
3657,4328
3661,3824
3662,3984
3667,4419
3671,3793
3671,3861
3674,3846
3680,3776
3681,4060
3684,3785
3684,3830
3686,4228
3694,3716
3698,4367
3699,4175
3700,3734
3703,4146
3704,3727
3711,3852
3714,3740
3719,4013
3719,4162
3724,3890
3728,3996
3732,4064
3735,3760
3735,3908
3737,4182
3739,4138
3739,4299
3742,4154
3744,4264
3754,4016
3755,4374
3757,3993
3765,4336
3768,4120
3778,4334
3780,4271
3782,4423
3784,4287
3787,4401
3791,3908
3792,4048
3796,3923
3797,4308
3800,4105
3801,3904
3801,4235
3803,4359
3805,3826
3807,3892
3811,3893
3817,4385
3818,4403
3819,4411
3822,4205
3826,4364
3831,4403
3833,4190
3837,4046
3843,4315
3846,4177
3847,4418
3849,4432
3851,4032
3855,4031
3865,4268
3866,4257
3867,4370
3868,4382
3869,4114
3870,4180
3886,3926
3887,4155
3894,4101
3894,4122
3897,4172
3898,4087
3900,4357
3901,4248
3910,4020
3910,4292
3911,4024
3911,4094
3913,4304
3921,4317
3924,4413
3925,4282
3928,4386
3930,4029
3930,4130
3931,4095
3937,3964
3940,4232
3946,3960
3951,3962
3957,4137
3958,4153
3959,4407
3963,4100
3973,3997
3976,4282
3986,4316
3989,4392
3992,4032
4002,4416
4007,4384
4010,4275
4019,4314
4028,4176
4034,4098
4036,4179
4037,4319
4037,4392
4041,4121
4042,4401
4044,4085
4047,4181
4048,4129
4049,4305
4051,4266
4056,4168
4056,4368
4059,4359
4061,4427
4073,4178
4078,4211
4081,4304
4084,4285
4091,4110
4102,4396
4103,4349
4105,4274
4106,4339
4111,4143
4114,4166
4119,4261
4127,4225
4133,4234
4136,4318
4140,4253
4140,4356
4143,4176
4148,4197
4149,4303
4157,4208
4163,4229
4171,4430
4173,4183
4174,4361
4175,4393
4188,4391
4202,4239
4243,4321
4254,4395
4254,4410
4264,4303
4270,4273
4286,4364
4293,4307
4298,4375
4300,4428
4310,4425
4361,4431
4369,4372
4384,4422
